Workbook

Sheet Combined
A1: CLIENT NAME: HOMETOWN MEDICAL PLLC
C2: Team | D2: Contact | E2: Prep | F2: Travel
A3: Date | B3: Activity/Purpose | C3: Mambers | D3: Hours | E3: Hours | F3: Hours
A4: 46065 | B4: First Team meeting agenda | C4: All | D4: =GERRON!C7+KNIGHT!C7+HERRING!C7 -> 3 | E4: =GERRON!D7+KNIGHT!D7+HERRING!D7 -> 1.5 | F4: =GERRON!E7+KNIGHT!E7+HERRING!E7 -> 0
A5: 46071 | B5: Team Meeting to Dicuss Group Project | C5: All | D5: =GERRON!C8+KNIGHT!C8+HERRING!C8 -> 3 | E5: =GERRON!D8+KNIGHT!D8+HERRING!D8 -> 3 | F5: =GERRON!E8+KNIGHT!E8+HERRING!E8 -> 0
A6: 46093 | B6: Introduction Meeting w/ Client (Agenda) | C6: All | D6: =GERRON!C9+KNIGHT!C9+HERRING!C9 -> 3 | E6: =GERRON!D9+KNIGHT!D9+HERRING!D9 -> 1.5 | F6: =GERRON!E9+KNIGHT!E9+HERRING!E9 -> 0
A7: 46100 | B7: Team Meeting to Dicuss Group Project | C7: All | D7: =GERRON!C10+KNIGHT!C10+HERRING!C10 -> 1.5 | E7: =GERRON!D10+KNIGHT!D10+HERRING!D10 -> 1.5 | F7: =GERRON!E10+KNIGHT!E10+HERRING!E10 -> 0
A8: 46110 | B8: Team Meeting to Dicuss Group Project | C8: All | D8: =GERRON!C11+KNIGHT!C11+HERRING!C11 -> 1.5 | E8: =GERRON!D11+KNIGHT!D11+HERRING!D11 -> 1.5 | F8: =GERRON!E11+KNIGHT!E11+HERRING!E11 -> 0
A9: 46115 | B9: In Person Meeting w/ Client | C9: All | D9: =GERRON!C12+KNIGHT!C12+HERRING!C12 -> 6 | E9: =GERRON!D12+KNIGHT!D12+HERRING!D12 -> 1.5 | F9: =GERRON!E12+KNIGHT!E12+HERRING!E12 -> 1.5
A10: 46122 | B10: Team Meeting to Dicuss Group Project | C10: All | D10: =GERRON!C13+KNIGHT!C13+HERRING!C13 -> 1.5 | E10: =GERRON!D13+KNIGHT!D13+HERRING!D13 -> 1.5 | F10: =GERRON!E13+KNIGHT!E13+HERRING!E13 -> 0
A11: 46130 | B11: Team Meeting to Dicuss Group Project | C11: G/H | D11: =GERRON!C14+KNIGHT!C14+HERRING!C14 -> 1 | E11: =GERRON!D14+KNIGHT!D14+HERRING!D14 -> 1 | F11: =GERRON!E14+KNIGHT!E14+HERRING!E14 -> 0
A12: 46140 | B12: Team Meeting to Dicuss Group Project | C12: All | D12: =GERRON!C15+KNIGHT!C15+HERRING!C15 -> 1.5 | E12: =GERRON!D15+KNIGHT!D15+HERRING!D15 -> 1.5 | F12: =GERRON!E15+KNIGHT!E15+HERRING!E15 -> 0
B13: TOTAL TEAM TIME | D13: =SUM(D4:D12) -> 22 | E13: =SUM(E4:E12) -> 14.5 | F13: =SUM(F4:F12) -> 1.5

Sheet GERRON
A1: Team Name: | B1: JUSTIN GERRON
A2: College/University: | B2: Fayetteville State University
A4: Client Company: | B4: HOMETOWN MEDICAL PLLC
C5: Contact | D5: Prep | E5: Travel
A6: Date | B6: Activity/Purpose | C6: Hours | D6: Hours | E6: Hours
A7: 46065 | B7: First Team meeting agenda | C7: 1 | D7: 0.5 | E7: 0
A8: 46071 | B8: Team Meeting to Dicuss Group Project | C8: 1 | D8: 1 | E8: 0
A9: 46093 | B9: Introduction Meeting w/ Client (Agenda) | C9: 1 | D9: 0.5 | E9: 0
A10: 46100 | B10: Team Meeting to Dicuss Group Project | C10: 0.5 | D10: 0.5 | E10: 0
A11: 46110 | B11: Team Meeting to Dicuss Group Project | C11: 0.5 | D11: 0.5 | E11: 0
A12: 46115 | B12: In Person Meeting w/ Client | C12: 2 | D12: 0.5 | E12: 0.5
A13: 46122 | B13: Team Meeting to Dicuss Group Project | C13: 0.5 | D13: 0.5 | E13: 0
A14: 46130 | B14: Team Meeting to Dicuss Group Project | C14: 0.5 | D14: 0.5 | E14: 0
A15: 46140 | B15: Team Meeting to Dicuss Group Project | C15: 0.5 | D15: 0.5 | E15: 0
B16: TOTAL | C16: =SUM(C7:C15) -> 7.5 | D16: =SUM(D7:D15) -> 5 | E16: =SUM(E7:E15) -> 0.5

Sheet KNIGHT
A1: Team Name: | B1: LINDA KNIGHT
A2: College/University: | B2: Fayetteville State University
A4: Client Company: | B4: HOMETOWN MEDICAL
C5: Contact | D5: Prep | E5: Travel
A6: Date | B6: Activity/Purpose | C6: Hours | D6: Hours | E6: Hours
A7: 46065 | B7: First Team meeting agenda | C7: 1 | D7: 0.5 | E7: 0
A8: 46071 | B8: Team Meeting to Dicuss Group Project | C8: 1 | D8: 1 | E8: 0
A9: 46093 | B9: Introduction Meeting w/ Client (Agenda) | C9: 1 | D9: 0.5 | E9: 0
A10: 46100 | B10: Team Meeting to Dicuss Group Project | C10: 0.5 | D10: 0.5 | E10: 0
A11: 46110 | B11: Team Meeting to Dicuss Group Project | C11: 0.5 | D11: 0.5 | E11: 0
A12: 46115 | B12: In Person Meeting w/ Client | C12: 2 | D12: 0.5 | E12: 0.5
A13: 46122 | B13: Team Meeting to Dicuss Group Project | C13: 0.5 | D13: 0.5 | E13: 0
A14: 46130 | B14: Team Meeting to Dicuss Group Project | C14: 0 | D14: 0 | E14: 0
A15: 46140 | B15: Team Meeting to Dicuss Group Project | C15: 0.5 | D15: 0.5 | E15: 0
B16: TOTAL | C16: =SUM(C7:C15) -> 7 | D16: =SUM(D7:D15) -> 4.5 | E16: =SUM(E7:E15) -> 0.5

Sheet HERRING
A1: Team Name: | B1: BRYCE HERRING
A2: College/University: | B2: Fayetteville State University
A4: Client Company: | B4: HOMETOWN MEDICAL
C5: Contact | D5: Prep | E5: Travel
A6: Date | B6: Activity/Purpose | C6: Hours | D6: Hours | E6: Hours
A7: 46065 | B7: First Team meeting agenda | C7: 1 | D7: 0.5 | E7: 0
A8: 46071 | B8: Team Meeting to Dicuss Group Project | C8: 1 | D8: 1 | E8: 0
A9: 46093 | B9: Introduction Meeting w/ Client (Agenda) | C9: 1 | D9: 0.5 | E9: 0
A10: 46100 | B10: Team Meeting to Dicuss Group Project | C10: 0.5 | D10: 0.5 | E10: 0
A11: 46110 | B11: Team Meeting to Dicuss Group Project | C11: 0.5 | D11: 0.5 | E11: 0
A12: 46115 | B12: In Person Meeting w/ Client | C12: 2 | D12: 0.5 | E12: 0.5
A13: 46122 | B13: Team Meeting to Dicuss Group Project | C13: 0.5 | D13: 0.5 | E13: 0
A14: 46130 | B14: Team Meeting to Dicuss Group Project | C14: 0.5 | D14: 0.5 | E14: 0
A15: 46140 | B15: Team Meeting to Dicuss Group Project | C15: 0.5 | D15: 0.5 | E15: 0
B16: TOTAL | C16: =SUM(C7:C15) -> 7.5 | D16: =SUM(D7:D15) -> 5 | E16: =SUM(E7:E15) -> 0.5
